,ID,resolution,chains,residues,first_residue,last_residue,organism,molecules,reference,doi,journal_title,title
1Q4K,1Q4K,2.30,A/B/C,345-603,345,603,['SOURCE   2 ORGANISM_SCIENTIFIC: HOMO SAPIENS;                                   \n'],"['COMPND   2 MOLECULE: SERINE/THREONINE-PROTEIN KINASE PLK;                       \n', 'COMPND  10 MOLECULE: PHOSPHO-PEPTIDE SEQUENCE                                   \n']","JRNL        REF    EMBO J.                       V.  22  5757 2003              
",10.1093/EMBOJ/CDG558,"JRNL        TITL   THE CRYSTAL STRUCTURE OF THE HUMAN POLO-LIKE                 
JRNL        TITL 2 KINASE-1 POLO BOX DOMAIN AND ITS PHOSPHO-PEPTIDE             
JRNL        TITL 3 COMPLEX.                                                     
","TITLE     THE POLO-BOX DOMAIN OF PLK1 IN COMPLEX WITH A PHOSPHO-                
TITLE    2 PEPTIDE                                                              
"
1Q4O,1Q4O,2.20,A/B,367-603,367,603,['SOURCE   2 ORGANISM_SCIENTIFIC: HOMO SAPIENS;                                   \n'],['COMPND   2 MOLECULE: SERINE/THREONINE-PROTEIN KINASE PLK;                       \n'],"JRNL        REF    EMBO J.                       V.  22  5757 2003              
",10.1093/EMBOJ/CDG558,"JRNL        TITL   THE CRYSTAL STRUCTURE OF THE HUMAN POLO-LIKE                 
JRNL        TITL 2 KINASE-1 POLO BOX DOMAIN AND ITS PHOSPHO-PEPTIDE             
JRNL        TITL 3 COMPLEX.                                                     
","TITLE     THE STRUCTURE OF THE POLO BOX DOMAIN OF HUMAN PLK1                    
"
1UMW,1UMW,1.90,A/B,367-603,367,603,"['SOURCE   2 ORGANISM_SCIENTIFIC: HOMO SAPIENS;                                   \n', 'SOURCE  11 ORGANISM_SCIENTIFIC: SYNTHETIC CONSTRUCT;                            \n']","['COMPND   2 MOLECULE: SERINE/THREONINE-PROTEIN KINASE PLK;                       \n', 'COMPND   9 MOLECULE: PEPTIDE;                                                   \n']","JRNL        REF    CELL(CAMBRIDGE,MASS.)         V. 115    83 2003              
",10.1016/S0092-8674(03)00725-6,"JRNL        TITL   THE MOLECULAR BASIS FOR PHOSPHODEPENDENT SUBSTRATE           
JRNL        TITL 2 TARGETING AND REGULATION OF PLKS BY THE POLO-BOX             
JRNL        TITL 3 DOMAIN                                                       
","TITLE     STRUCTURE OF A HUMAN PLK1 POLO-BOX DOMAIN/PHOSPHOPEPTIDE COMPLEX      
"
2OGQ,2OGQ,1.95,A,365-603,365,603,['SOURCE   2 ORGANISM_SCIENTIFIC: HOMO SAPIENS;                                   \n'],['COMPND   2 MOLECULE: SERINE/THREONINE-PROTEIN KINASE PLK1;                      \n'],"JRNL        REF    PROC.NATL.ACAD.SCI.USA        V. 104  3107 2007              
",10.1073/PNAS.0609131104,"JRNL        TITL   MOLECULAR AND STRUCTURAL BASIS OF POLO-LIKE KINASE           
JRNL        TITL 2 1 SUBSTRATE RECOGNITION: IMPLICATIONS IN                     
JRNL        TITL 3 CENTROSOMAL LOCALIZATION.                                    
","TITLE     MOLECULAR AND STRUCTURAL BASIS OF PLK1 SUBSTRATE                      
TITLE    2 RECOGNITION: IMPLICATIONS IN CENTROSOMAL LOCALIZATION                
"
2OJX,2OJX,2.85,A,365-603,365,603,['SOURCE   2 ORGANISM_SCIENTIFIC: HOMO SAPIENS;                                   \n'],"['COMPND   2 MOLECULE: SERINE/THREONINE-PROTEIN KINASE PLK1;                      \n', 'COMPND  10 MOLECULE: SYNTHETIC PEPTIDE;                                         \n']","JRNL        REF    PROC.NATL.ACAD.SCI.USA        V. 104  3107 2007              
",10.1073/PNAS.0609131104,"JRNL        TITL   MOLECULAR AND STRUCTURAL BASIS OF POLO-LIKE KINASE           
JRNL        TITL 2 1 SUBSTRATE RECOGNITION: IMPLICATIONS IN                     
JRNL        TITL 3 CENTROSOMAL LOCALIZATION.                                    
","TITLE     MOLECULAR AND STRUCTURAL BASIS OF POLO-LIKE KINASE 1                  
TITLE    2 SUBSTRATE RECOGNITION: IMPLICATIONS IN CENTROSOMAL                   
TITLE    3 LOCALIZATION                                                         
"
2OU7,2OU7,2.40,A,13-345,13,345,['SOURCE   2 ORGANISM_SCIENTIFIC: HOMO SAPIENS;                                   \n'],['COMPND   2 MOLECULE: SERINE/THREONINE-PROTEIN KINASE PLK1;                      \n'],"JRNL        REF    BIOCHEMISTRY                  V.  46  5960 2007              
",10.1021/BI602474J,"JRNL        TITL   STRUCTURE OF THE CATALYTIC DOMAIN OF HUMAN POLO-LIKE KINASE  
JRNL        TITL 2 1.                                                           
","TITLE     STRUCTURE OF THE CATALYTIC DOMAIN OF HUMAN POLO-LIKE KINASE 1         
"
2OWB,2OWB,2.10,A,13-345,13,345,['SOURCE   2 ORGANISM_SCIENTIFIC: HOMO SAPIENS;                                   \n'],['COMPND   2 MOLECULE: SERINE/THREONINE-PROTEIN KINASE PLK1;                      \n'],"JRNL        REF    BIOCHEMISTRY                  V.  46  5960 2007              
",10.1021/BI602474J,"JRNL        TITL   STRUCTURE OF THE CATALYTIC DOMAIN OF HUMAN POLO-LIKE KINASE  
JRNL        TITL 2 1.                                                           
","TITLE     STRUCTURE OF THE CATALYTIC DOMAIN OF HUMAN POLO-LIKE KINASE 1         
"
2RKU,2RKU,1.95,A,37-330,37,330,['SOURCE   2 ORGANISM_SCIENTIFIC: HOMO SAPIENS;                                   \n'],['COMPND   2 MOLECULE: SERINE/THREONINE-PROTEIN KINASE PLK1;                      \n'],"JRNL        REF    CHEM.BIOL.DRUG DES.           V.  70   540 2007              
",10.1111/J.1747-0285.2007.00594.X,"JRNL        TITL   SELECTIVITY-DETERMINING RESIDUES IN PLK1.                    
","TITLE     STRUCTURE OF PLK1 IN COMPLEX WITH BI2536                              
"
2V5Q,2V5Q,2.30,A/B,33-345,33,345,"['SOURCE   2 ORGANISM_SCIENTIFIC: HOMO SAPIENS;                                   \n', 'SOURCE   8 ORGANISM_SCIENTIFIC: SYNTHETIC CONSTRUCT;                            \n']","['COMPND   2 MOLECULE: SERINE/THREONINE-PROTEIN KINASE PLK1;                      \n', 'COMPND  11 MOLECULE: DESIGN ANKYRIN REPEAT PROTEIN;                             \n']","JRNL        REF  2 CRYSTALLOGR.                                                 
",10.1107/S0907444907068217,"JRNL        TITL   STRUCTURE OF WILD-TYPE PLK-1 KINASE DOMAIN IN COMPLEX WITH A 
JRNL        TITL 2 SELECTIVE DARPIN.                                            
","TITLE     CRYSTAL STRUCTURE OF WILD-TYPE PLK-1 KINASE DOMAIN IN COMPLEX WITH A  
TITLE    2 SELECTIVE DARPIN                                                     
"
2YAC,2YAC,2.20,A,36-345,36,345,['SOURCE   2 ORGANISM_SCIENTIFIC: HOMO SAPIENS;                                   \n'],['COMPND   2 MOLECULE: SERINE/THREONINE-PROTEIN KINASE PLK1;                      \n'],"JRNL        REF    BIOORG.MED.CHEM.LETT.         V.  21  2969 2011              
",10.1016/J.BMCL.2011.03.054,"JRNL        TITL   NMS-P937, A 4,5-DIHYDRO-1H-PYRAZOLO[4,3-H]QUINAZOLINE        
JRNL        TITL 2 DERIVATIVE AS POTENT AND SELECTIVE POLO-LIKE KINASE 1        
JRNL        TITL 3 INHIBITOR.                                                   
","TITLE     CRYSTAL STRUCTURE OF POLO-LIKE KINASE 1 IN COMPLEX WITH NMS-P937      
"
3BZI,3BZI,2.10,A,365-603,365,603,['SOURCE   2 ORGANISM_SCIENTIFIC: HOMO SAPIENS;                                   \n'],"['COMPND   2 MOLECULE: SERINE/THREONINE-PROTEIN KINASE PLK1;                      \n', 'COMPND  10 MOLECULE: 9 MER PEPTIDE FROM M-PHASE INDUCER PHOSPHATASE 3;          \n']","JRNL        REF    PROC.NATL.ACAD.SCI.USA        V. 104  3107 2007              
",10.1073/PNAS.0609131104,"JRNL        TITL   MOLECULAR AND STRUCTURAL BASIS OF POLO-LIKE KINASE           
JRNL        TITL 2 1 SUBSTRATE RECOGNITION: IMPLICATIONS IN                     
JRNL        TITL 3 CENTROSOMAL LOCALIZATION.                                    
","TITLE     MOLECULAR AND STRUCTURAL BASIS OF POLO-LIKE KINASE 1                  
TITLE    2 SUBSTRATE RECOGNITION: IMPLICATIONS IN CENTROSOMAL                   
TITLE    3 LOCALIZATION                                                         
"
3C5L,3C5L,2.33,A,373-593,373,593,['SOURCE   2 ORGANISM_SCIENTIFIC: HOMO SAPIENS;                                   \n'],"['COMPND   2 MOLECULE: SERINE/THREONINE-PROTEIN KINASE PLK1;                      \n', 'COMPND  10 MOLECULE: PEPTIDE;                                                   \n']","JRNL        REF    NAT.STRUCT.MOL.BIOL.          V.  16   876 2009              
",10.1038/NSMB.1628,"JRNL        TITL   STRUCTURAL AND FUNCTIONAL ANALYSES OF MINIMAL                
JRNL        TITL 2 PHOSPHOPEPTIDES TARGETING THE POLO-BOX DOMAIN OF             
JRNL        TITL 3 POLO-LIKE KINASE 1.                                          
","TITLE     POLO-LIKE KINASE 1 POLO BOX DOMAIN IN COMPLEX WITH PPHSPT             
TITLE    2 PEPTIDE                                                              
"
3FC2,3FC2,2.45,A,13-345,13,345,['SOURCE   2 ORGANISM_SCIENTIFIC: HOMO SAPIENS;                                   \n'],['COMPND   2 MOLECULE: SERINE/THREONINE-PROTEIN KINASE PLK1;                      \n'],"JRNL        REF    CLIN.CANCER RES.              V.  15  3094 2009              
",10.1158/1078-0432.CCR-08-2445,"JRNL        TITL   BI 6727, A POLO-LIKE KINASE INHIBITOR WITH IMPROVED          
JRNL        TITL 2 PHARMACOKINETIC PROFILE AND BROAD ANTITUMOR ACTIVITY.        
","TITLE     PLK1 IN COMPLEX WITH BI6727                                           
"
3FVH,3FVH,1.58,A,371-603,371,603,['SOURCE   2 ORGANISM_SCIENTIFIC: HOMO SAPIENS;                                   \n'],"['COMPND   2 MOLECULE: SERINE/THREONINE-PROTEIN KINASE PLK1;                      \n', 'COMPND   9 MOLECULE: ACETYL-LEU-HIS-SER-PHOSPHOTHR-ALA-NH2 PEPTIDE;             \n']","JRNL        REF    NAT.STRUCT.MOL.BIOL.          V.  16   876 2009              
",10.1038/NSMB.1628,"JRNL        TITL   STRUCTURAL AND FUNCTIONAL ANALYSES OF MINIMAL                
JRNL        TITL 2 PHOSPHOPEPTIDES TARGETING THE POLO-BOX DOMAIN OF POLO-LIKE   
JRNL        TITL 3 KINASE 1                                                     
","TITLE     POLO-LIKE KINASE 1 POLO BOX DOMAIN IN COMPLEX WITH AC-LHSPTA-NH2      
TITLE    2 PEPTIDE                                                              
"
3HIH,3HIH,1.70,A/B,371-593,371,593,['SOURCE   2 ORGANISM_SCIENTIFIC: HOMO SAPIENS;                                   \n'],['COMPND   2 MOLECULE: SERINE/THREONINE-PROTEIN KINASE PLK1;                      \n'],"JRNL        REF    NAT.STRUCT.MOL.BIOL.          V.  16   876 2009              
",10.1038/NSMB.1628,"JRNL        TITL   STRUCTURAL AND FUNCTIONAL ANALYSES OF MINIMAL                
JRNL        TITL 2 PHOSPHOPEPTIDES TARGETING THE POLO-BOX DOMAIN OF POLO-LIKE   
JRNL        TITL 3 KINASE 1.                                                    
","TITLE     STRUCTURE OF HUMAN PLK1-PBD WITH GLYCEROL AND SULFATE IN THE          
TITLE    2 PHOPHOPEPTIDE BINDING SITE                                           
"
3HIK,3HIK,1.77,A,367-603,367,603,['SOURCE   2 ORGANISM_SCIENTIFIC: HOMO SAPIENS;                                   \n'],"['COMPND   2 MOLECULE: SERINE/THREONINE-PROTEIN KINASE PLK1;                      \n', 'COMPND  10 MOLECULE: PENTAMER PHOSPHOPEPTIDE;                                   \n']","JRNL        REF    NAT.STRUCT.MOL.BIOL.          V.  16   876 2009              
",10.1038/NSMB.1628,"JRNL        TITL   STRUCTURAL AND FUNCTIONAL ANALYSES OF MINIMAL                
JRNL        TITL 2 PHOSPHOPEPTIDES TARGETING THE POLO-BOX DOMAIN OF POLO-LIKE   
JRNL        TITL 3 KINASE 1.                                                    
","TITLE     STRUCTURE OF HUMAN PLK1-PBD IN COMPLEX WITH PLHSPT                    
"
3KB7,3KB7,2.50,A,36-345,36,345,['SOURCE   2 ORGANISM_SCIENTIFIC: HOMO SAPIENS;                                   \n'],['COMPND   2 MOLECULE: SERINE/THREONINE-PROTEIN KINASE PLK1;                      \n'],"JRNL        REF    J.MED.CHEM.                   V.  53  3532 2010              
",10.1021/JM901713N,"JRNL        TITL   IDENTIFICATION OF 4,5-DIHYDRO-1H-PYRAZOLO[4,3-H]QUINAZOLINE  
JRNL        TITL 2 DERIVATIVES AS A NEW CLASS OF ORALLY AND SELECTIVE           
JRNL        TITL 3 POLO-LIKE KINASE 1 INHIBITORS                                
","TITLE     CRYSTAL STRUCTURE OF POLO-LIKE KINASE 1 IN COMPLEX WITH A             
TITLE    2 PYRAZOLOQUINAZOLINE INHIBITOR                                        
"
3P2W,3P2W,1.66,A,371-594,371,594,['SOURCE   2 ORGANISM_SCIENTIFIC: HOMO SAPIENS;                                   \n'],['COMPND   2 MOLECULE: SERINE/THREONINE-PROTEIN KINASE PLK1;                      \n'],"JRNL        REF    ANGEW.CHEM.INT.ED.ENGL.       V.  50  4003 2011              
",10.1002/ANIE.201008019,"JRNL        TITL   FROM CRYSTAL PACKING TO MOLECULAR RECOGNITION: PREDICTION    
JRNL        TITL 2 AND DISCOVERY OF A BINDING SITE ON THE SURFACE OF POLO-LIKE  
JRNL        TITL 3 KINASE 1                                                     
","TITLE     UNLIGANDED FORM OF POLO-LIKE KINASE I POLO-BOX DOMAIN                 
"
3P2Z,3P2Z,1.79,A,371-594,371,594,['SOURCE   2 ORGANISM_SCIENTIFIC: HOMO SAPIENS;                                   \n'],"['COMPND   2 MOLECULE: SERINE/THREONINE-PROTEIN KINASE PLK1;                      \n', 'COMPND  10 MOLECULE: PHOSPHOPEPTIDE;                                            \n']","JRNL        REF    ANGEW.CHEM.INT.ED.ENGL.       V.  50  4003 2011              
",10.1002/ANIE.201008019,"JRNL        TITL   FROM CRYSTAL PACKING TO MOLECULAR RECOGNITION: PREDICTION    
JRNL        TITL 2 AND DISCOVERY OF A BINDING SITE ON THE SURFACE OF POLO-LIKE  
JRNL        TITL 3 KINASE 1                                                     
","TITLE     POLO-LIKE KINASE I POLO-BOX DOMAIN IN COMPLEX WITH PLHSPTA            
TITLE    2 PHOSPHOPEPTIDE FROM PBIP1                                            
"
3P34,3P34,1.40,A,371-594,371,594,['SOURCE   2 ORGANISM_SCIENTIFIC: HOMO SAPIENS;                                   \n'],"['COMPND   2 MOLECULE: SERINE/THREONINE-PROTEIN KINASE PLK1;                      \n', 'COMPND  10 MOLECULE: PHOSPHOPEPTIDE;                                            \n']","JRNL        REF    ANGEW.CHEM.INT.ED.ENGL.       V.  50  4003 2011              
",10.1002/ANIE.201008019,"JRNL        TITL   FROM CRYSTAL PACKING TO MOLECULAR RECOGNITION: PREDICTION    
JRNL        TITL 2 AND DISCOVERY OF A BINDING SITE ON THE SURFACE OF POLO-LIKE  
JRNL        TITL 3 KINASE 1                                                     
","TITLE     POLO-LIKE KINASE I POLO-BOX DOMAIN IN COMPLEX WITH MQSPTPL            
TITLE    2 PHOSPHOPEPTIDE                                                       
"
3P35,3P35,2.09,A/B/C,371-594,371,594,['SOURCE   2 ORGANISM_SCIENTIFIC: HOMO SAPIENS;                                   \n'],"['COMPND   2 MOLECULE: SERINE/THREONINE-PROTEIN KINASE PLK1;                      \n', 'COMPND  10 MOLECULE: PHOSPHOPEPTIDE;                                            \n']","JRNL        REF    ANGEW.CHEM.INT.ED.ENGL.       V.  50  4003 2011              
",10.1002/ANIE.201008019,"JRNL        TITL   FROM CRYSTAL PACKING TO MOLECULAR RECOGNITION: PREDICTION    
JRNL        TITL 2 AND DISCOVERY OF A BINDING SITE ON THE SURFACE OF POLO-LIKE  
JRNL        TITL 3 KINASE 1                                                     
","TITLE     POLO-LIKE KINASE I POLO-BOX DOMAIN IN COMPLEX WITH MQSPSPL            
TITLE    2 PHOSPHOPEPTIDE                                                       
"
3P36,3P36,1.59,A,371-594,371,594,['SOURCE   2 ORGANISM_SCIENTIFIC: HOMO SAPIENS;                                   \n'],"['COMPND   2 MOLECULE: SERINE/THREONINE-PROTEIN KINASE PLK1;                      \n', 'COMPND  10 MOLECULE: PHOSPHOPEPTIDE;                                            \n']","JRNL        REF    ANGEW.CHEM.INT.ED.ENGL.       V.  50  4003 2011              
",10.1002/ANIE.201008019,"JRNL        TITL   FROM CRYSTAL PACKING TO MOLECULAR RECOGNITION: PREDICTION    
JRNL        TITL 2 AND DISCOVERY OF A BINDING SITE ON THE SURFACE OF POLO-LIKE  
JRNL        TITL 3 KINASE 1                                                     
","TITLE     POLO-LIKE KINASE I POLO-BOX DOMAIN IN COMPLEX WITH DPPLHSPTA          
TITLE    2 PHOSPHOPEPTIDE FROM PBIP1                                            
"
3P37,3P37,2.38,A/B/C,371-594,371,594,['SOURCE   2 ORGANISM_SCIENTIFIC: HOMO SAPIENS;                                   \n'],"['COMPND   2 MOLECULE: SERINE/THREONINE-PROTEIN KINASE PLK1;                      \n', 'COMPND  10 MOLECULE: PHOSPHOPEPTIDE;                                            \n']","JRNL        REF    ANGEW.CHEM.INT.ED.ENGL.       V.  50  4003 2011              
",10.1002/ANIE.201008019,"JRNL        TITL   FROM CRYSTAL PACKING TO MOLECULAR RECOGNITION: PREDICTION    
JRNL        TITL 2 AND DISCOVERY OF A BINDING SITE ON THE SURFACE OF POLO-LIKE  
JRNL        TITL 3 KINASE 1                                                     
","TITLE     POLO-LIKE KINASE I POLO-BOX DOMAIN IN COMPLEX WITH FDPPLHSPTA         
TITLE    2 PHOSPHOPEPTIDE FROM PBIP1                                            
"
3Q1I,3Q1I,1.40,A,371-594,371,594,['SOURCE   2 ORGANISM_SCIENTIFIC: HOMO SAPIENS;                                   \n'],"['COMPND   2 MOLECULE: SERINE/THREONINE-PROTEIN KINASE PLK1;                      \n', 'COMPND  10 MOLECULE: PEPTIDE FROM TRANSCRIPTION ELONGATION REGULATOR 1;         \n']","JRNL        REF    ANGEW.CHEM.INT.ED.ENGL.       V.  50  4003 2011              
",10.1002/ANIE.201008019,"JRNL        TITL   FROM CRYSTAL PACKING TO MOLECULAR RECOGNITION: PREDICTION    
JRNL        TITL 2 AND DISCOVERY OF A BINDING SITE ON THE SURFACE OF POLO-LIKE  
JRNL        TITL 3 KINASE 1                                                     
","TITLE     POLO-LIKE KINASE I POLO-BOX DOMAIN IN COMPLEX WITH FMPPPMSPSM         
TITLE    2 PHOSPHOPEPTIDE FROM TCERG1                                           
"
3RQ7,3RQ7,1.55,A,371-603,371,603,['SOURCE   2 ORGANISM_SCIENTIFIC: HOMO SAPIENS;                                   \n'],"['COMPND   2 MOLECULE: SERINE/THREONINE-PROTEIN KINASE PLK1;                      \n', 'COMPND   9 MOLECULE: C6H5(CH2)8-DERIVATIZED PEPTIDE INHIBITOR;                  \n']","JRNL        REF    NAT.CHEM.BIOL.                V.   7   595 2011              
",10.1038/NCHEMBIO.614,"JRNL        TITL   SERENDIPITOUS ALKYLATION OF A PLK1 LIGAND UNCOVERS A NEW     
JRNL        TITL 2 BINDING CHANNEL.                                             
","TITLE     POLO-LIKE KINASE 1 POLO BOX DOMAIN IN COMPLEX WITH A C6H5(CH2)8-      
TITLE    2 DERIVATIZED PEPTIDE INHIBITOR                                        
"
3THB,3THB,2.50,A,13-345,13,345,['SOURCE   2 ORGANISM_SCIENTIFIC: HOMO SAPIENS;                                   \n'],['COMPND   2 MOLECULE: SERINE/THREONINE-PROTEIN KINASE PLK1;                      \n'],"JRNL        REF    J.MED.CHEM.                   V.  55   197 2012              
",10.1021/JM2011172,"JRNL        TITL   DISCOVERY OF A POTENT AND ORALLY BIOAVAILABLE                
JRNL        TITL 2 BENZOLACTAM-DERIVED INHIBITOR OF POLO-LIKE KINASE 1          
JRNL        TITL 3 (MLN0905).                                                   
","TITLE     STRUCTURE OF PLK1 KINASE DOMAIN IN COMPLEX WITH A BENZOLACTAM-DERIVED 
TITLE    2 INHIBITOR                                                            
"
4A4L,4A4L,2.35,A,36-345,36,345,['SOURCE   2 ORGANISM_SCIENTIFIC: HOMO SAPIENS;                                   \n'],['COMPND   2 MOLECULE: SERINE/THREONINE-PROTEIN KINASE PLK1;                      \n'],"JRNL        REF    BIOORG.MED.CHEM.LETT.         V.  22    96 2012              
",10.1016/J.BMCL.2011.11.065,"JRNL        TITL   5-(2-AMINO-PYRIMIDIN-4-YL)-1H-PYRROLE AND                    
JRNL        TITL 2 2-(2-AMINO-PYRIMIDIN-4-YL)-1,5,6,7-TETRAHYDRO-PYRROLO[3,     
JRNL        TITL 3 2-C]PYRIDIN-4-ONE DERIVATIVES AS NEW CLASSES OF SELECTIVE    
JRNL        TITL 4 AND ORALLY AVAILABLE POLO-LIKE KINASE 1 INHIBITORS.          
","TITLE     CRYSTAL STRUCTURE OF POLO-LIKE KINASE 1 IN COMPLEX WITH A 5-(2-AMINO- 
TITLE    2 PYRIMIDIN-4-YL)-1H-PYRROLE INHIBITOR                                 
"
4A4O,4A4O,2.70,A,36-345,36,345,['SOURCE   2 ORGANISM_SCIENTIFIC: HOMO SAPIENS;                                   \n'],['COMPND   2 MOLECULE: SERINE/THREONINE-PROTEIN KINASE PLK1;                      \n'],"JRNL        REF    BIOORG.MED.CHEM.LETT.         V.  22    96 2012              
",10.1016/J.BMCL.2011.11.065,"JRNL        TITL   5-(2-AMINO-PYRIMIDIN-4-YL)-1H-PYRROLE AND                    
JRNL        TITL 2 2-(2-AMINO-PYRIMIDIN-4-YL)-1,5,6,7-TETRAHYDRO-PYRROLO[3,     
JRNL        TITL 3 2-C]PYRIDIN-4-ONE DERIVATIVES AS NEW CLASSES OF SELECTIVE    
JRNL        TITL 4 AND ORALLY AVAILABLE POLO-LIKE KINASE 1 INHIBITORS.          
","TITLE     CRYSTAL STRUCTURE OF POLO-LIKE KINASE 1 IN COMPLEX WITH A 2-(2-AMINO- 
TITLE    2 PYRIMIDIN-4-YL)-1,5,6,7-TETRAHYDRO-PYRROLOPYRIDIN-4-ONE INHIBITOR    
"
4DFW,4DFW,1.55,A,367-603,367,603,['SOURCE   2 ORGANISM_SCIENTIFIC: HOMO SAPIENS;                                   \n'],"['COMPND   2 MOLECULE: SERINE/THREONINE-PROTEIN KINASE PLK1;                      \n', 'COMPND   9 MOLECULE: PEPTIDE;                                                   \n']","JRNL        REF    CHEM.BIOL.                                 2012              
",,"JRNL        TITL   OXIME-BASED POST SOLID-PHASE PEPTIDE DIVERSIFICATION:        
JRNL        TITL 2 IDENTIFICATION OF HIGH AFFINITY POLO-LIKE KINASE 1 (PLK1)    
JRNL        TITL 3 POLO-BOX DOMAIN BINDING PEPTIDES                             
","TITLE     OXIME-BASED POST SOLID-PHASE PEPTIDE DIVERSIFICATION: IDENTIFICATION  
TITLE    2 OF HIGH AFFINITY POLO-LIKE KINASE 1 (PLK1) POLO-BOX DOMAIN BINDING   
TITLE    3 PEPTIDES                                                             
"
4E67,4E67,2.10,A,371-594,371,594,['SOURCE   2 ORGANISM_SCIENTIFIC: HOMO SAPIENS;                                   \n'],"['COMPND   2 MOLECULE: SERINE/THREONINE-PROTEIN KINASE PLK1;                      \n', 'COMPND  10 MOLECULE: HYDROCINNAMOYL-DERIVATIZED PLHSPTA PEPTIDE;                \n']","JRNL        REF    ANGEW.CHEM.INT.ED.ENGL.       V.  51 10078 2012              
",10.1002/ANIE.201205676,"JRNL        TITL   USING LIGAND-MAPPING SIMULATIONS TO DESIGN A LIGAND          
JRNL        TITL 2 SELECTIVELY TARGETING A CRYPTIC SURFACE POCKET OF POLO-LIKE  
JRNL        TITL 3 KINASE 1.                                                    
","TITLE     THE STRUCTURE OF THE POLO-BOX DOMAIN (PBD) OF POLO-LIKE KINASE 1      
TITLE    2 (PLK1) IN COMPLEX WITH HYDROCINNAMOYL-DERIVATIZED PLHSPTA PEPTIDE    
"
4E9C,4E9C,1.70,A,371-594,371,594,['SOURCE   2 ORGANISM_SCIENTIFIC: HOMO SAPIENS;                                   \n'],"['COMPND   2 MOLECULE: SERINE/THREONINE-PROTEIN KINASE PLK1;                      \n', 'COMPND   9 MOLECULE: LDPPLHSPTA PHOSPHOPEPTIDE;                                 \n']","JRNL        REF    ANGEW. CHEM. INT. ED. ENGL.   V.  51  7680 2012              
",10.1002/ANIE.201202660,"JRNL        TITL   HIGH-THROUGHPUT INTERROGATION OF LIGAND BINDING MODE USING A 
JRNL        TITL 2 FLUORESCENCE-BASED ASSAY.                                    
","TITLE     THE STRUCTURE OF THE POLO-BOX DOMAIN (PBD) OF POLO-LIKE KINASE 1      
TITLE    2 (PLK1) IN COMPLEX WITH LDPPLHSPTA PHOSPHOPEPTIDE                     
"
4E9D,4E9D,2.75,A,371-594,371,594,['SOURCE   2 ORGANISM_SCIENTIFIC: HOMO SAPIENS;                                   \n'],"['COMPND   2 MOLECULE: SERINE/THREONINE-PROTEIN KINASE PLK1;                      \n', 'COMPND   9 MOLECULE: 3-(1-BENZOTHIOPHEN-2-YL)PROPANOYL-DERIVATIZED DPPLHSPTA    \n']","JRNL        REF    ANGEW.CHEM.INT.ED.ENGL.       V.  51  7680 2012              
",10.1002/ANIE.201202660,"JRNL        TITL   HIGH-THROUGHPUT INTERROGATION OF LIGAND BINDING MODE USING A 
JRNL        TITL 2 FLUORESCENCE-BASED ASSAY.                                    
","TITLE     THE STRUCTURE OF THE POLO-BOX DOMAIN (PBD) OF POLO-LIKE KINASE 1      
TITLE    2 (PLK1) IN COMPLEX WITH 3-(1-BENZOTHIOPHEN-2-YL)PROPANOYL-DERIVATIZED 
TITLE    3 DPPLHSPTA PEPTIDE                                                    
"
4H5X,4H5X,1.95,A/B,367-603,367,603,['SOURCE   2 ORGANISM_SCIENTIFIC: HOMO SAPIENS;                                   \n'],['COMPND   2 MOLECULE: SERINE/THREONINE-PROTEIN KINASE PLK1;                      \n'],"JRNL        REF    ACS CHEM.BIOL.                V.   8   303 2013              
",10.1021/CB3004379,"JRNL        TITL   THYMOQUINONE BLOCKS PSER/PTHR RECOGNITION BY PLK1 POLO-BOX   
JRNL        TITL 2 DOMAIN AS A PHOSPHATE MIMIC                                  
","TITLE     HUMAN PLK1-PBD WITH A GLYCEROL BOUND AT THE PHOPHOPEPTIDE BINDING SITE
"
4H71,4H71,1.93,A/B,367-603,367,603,['SOURCE   2 ORGANISM_SCIENTIFIC: HOMO SAPIENS;                                   \n'],['COMPND   2 MOLECULE: SERINE/THREONINE-PROTEIN KINASE PLK1;                      \n'],"JRNL        REF    ACS CHEM.BIOL.                V.   8   303 2013              
",10.1021/CB3004379,"JRNL        TITL   THYMOQUINONE BLOCKS PSER/PTHR RECOGNITION BY PLK1 POLO-BOX   
JRNL        TITL 2 DOMAIN AS A PHOSPHATE MIMIC                                  
","TITLE     HUMAN PLK1-PBD IN COMPLEX WITH POLOXIME ((E)-4-(HYDROXYIMINO)-2-      
TITLE    2 ISOPROPYL-5-METHYLCYCLOHEXA-2,5-DIENONE)                             
"
4HAB,4HAB,2.65,A/B/C,371-593,371,593,"['SOURCE   2 ORGANISM_SCIENTIFIC: HOMO SAPIENS;                                   \n', 'SOURCE  13 ORGANISM_SCIENTIFIC: SYNTHETIC CONSTRUCT;                            \n']","['COMPND   2 MOLECULE: SERINE/THREONINE-PROTEIN KINASE PLK1;                      \n', 'COMPND   9 MOLECULE: PL-49;                                                     \n']","JRNL        REF    BIOORG.MED.CHEM.              V.  21  2623 2013              
",10.1016/J.BMC.2013.02.020,"JRNL        TITL   DEVELOPMENT OF CYCLIC PEPTOMER INHIBITORS TARGETING THE      
JRNL        TITL 2 POLO-BOX DOMAIN OF POLO-LIKE KINASE 1.                       
","TITLE     CRYSTAL STRUCTURE OF PLK1 POLO-BOX DOMAIN IN COMPLEX WITH PL-49       
"
4HCO,4HCO,2.75,A/B,367-603,367,603,['SOURCE   2 ORGANISM_SCIENTIFIC: HOMO SAPIENS;                                   \n'],['COMPND   2 MOLECULE: SERINE/THREONINE-PROTEIN KINASE PLK1;                      \n'],"JRNL        REF    ACS CHEM.BIOL.                V.   8   303 2013              
",10.1021/CB3004379,"JRNL        TITL   THYMOQUINONE BLOCKS PSER/PTHR RECOGNITION BY PLK1 POLO-BOX   
JRNL        TITL 2 DOMAIN AS A PHOSPHATE MIMIC                                  
","TITLE     HUMAN PLK1-PBD IN COMPLEX WITH THYMOQUINONE AT THE PHOPHOPEPTIDE      
TITLE    2 BINDING SITE                                                         
"
4HY2,4HY2,2.00,A,371-595,371,595,"['SOURCE   2 ORGANISM_SCIENTIFIC: HOMO SAPIENS;                                   \n', 'SOURCE  13 ORGANISM_SCIENTIFIC: SYNTHETIC CONSTRUCT;                            \n']","['COMPND   2 MOLECULE: SERINE/THREONINE-PROTEIN KINASE PLK1;                      \n', 'COMPND   9 MOLECULE: PL-42;                                                     \n']","JRNL        REF    BIOORG.MED.CHEM.              V.  21  2623 2013              
",10.1016/J.BMC.2013.02.020,"JRNL        TITL   DEVELOPMENT OF CYCLIC PEPTOMER INHIBITORS TARGETING THE      
JRNL        TITL 2 POLO-BOX DOMAIN OF POLO-LIKE KINASE 1.                       
","TITLE     CRYSTAL STRUCTURE OF PLK1 POLO-BOX DOMAIN IN COMPLEX WITH PL-42       
"
4J52,4J52,2.30,A,38-330,38,330,['SOURCE   2 ORGANISM_SCIENTIFIC: HOMO SAPIENS;                                   \n'],['COMPND   2 MOLECULE: SERINE/THREONINE-PROTEIN KINASE PLK1;                      \n'],"JRNL        REF    BIOORG.MED.CHEM.LETT.         V.  23  3662 2013              
",10.1016/J.BMCL.2013.02.083,"JRNL        TITL   DISCOVERY OF TAK-960: AN ORALLY AVAILABLE SMALL MOLECULE     
JRNL        TITL 2 INHIBITOR OF POLO-LIKE KINASE 1 (PLK1).                      
","TITLE     CRYSTAL STRUCTURE OF PLK1 IN COMPLEX WITH A PYRIMIDODIAZEPINONE       
TITLE    2 INHIBITOR                                                            
"
4J53,4J53,2.50,A,38-330,38,330,['SOURCE   2 ORGANISM_SCIENTIFIC: HOMO SAPIENS;                                   \n'],['COMPND   2 MOLECULE: SERINE/THREONINE-PROTEIN KINASE PLK1;                      \n'],"JRNL        REF    BIOORG.MED.CHEM.LETT.         V.  23  3662 2013              
",10.1016/J.BMCL.2013.02.083,"JRNL        TITL   DISCOVERY OF TAK-960: AN ORALLY AVAILABLE SMALL MOLECULE     
JRNL        TITL 2 INHIBITOR OF POLO-LIKE KINASE 1 (PLK1).                      
","TITLE     CRYSTAL STRUCTURE OF PLK1 IN COMPLEX WITH TAK-960                     
"
4LKL,4LKL,1.58,A,372-593,372,593,['SOURCE   2 ORGANISM_SCIENTIFIC: HOMO SAPIENS;                                   \n'],"['COMPND   2 MOLECULE: SERINE/THREONINE-PROTEIN KINASE PLK1;                      \n', 'COMPND  10 MOLECULE: PL-55;                                                     \n']","JRNL        REF    PLOS ONE                      V.   8 80043 2013              
",10.1371/JOURNAL.PONE.0080043,"JRNL        TITL   EXPLORING THE BINDING NATURE OF PYRROLIDINE POCKET-DEPENDENT 
JRNL        TITL 2 INTERACTIONS IN THE POLO-BOX DOMAIN OF POLO-LIKE KINASE 1    
","TITLE     CRYSTAL STRUCTURE OF PLK1 POLO-BOX DOMAIN IN COMPLEX WITH PL-55       
"
4LKM,4LKM,2.00,A/C,371-601,371,601,['SOURCE   2 ORGANISM_SCIENTIFIC: HOMO SAPIENS;                                   \n'],"['COMPND   2 MOLECULE: SERINE/THREONINE-PROTEIN KINASE PLK1;                      \n', 'COMPND  10 MOLECULE: PL-74;                                                     \n']","JRNL        REF    PLOS ONE                      V.   8 80043 2013              
",10.1371/JOURNAL.PONE.0080043,"JRNL        TITL   EXPLORING THE BINDING NATURE OF PYRROLIDINE POCKET-DEPENDENT 
JRNL        TITL 2 INTERACTIONS IN THE POLO-BOX DOMAIN OF POLO-LIKE KINASE 1    
","TITLE     CRYSTAL STRUCTURE OF PLK1 POLO-BOX DOMAIN IN COMPLEX WITH PL-74       
"
4O56,4O56,1.80,A,367-603,367,603,['SOURCE   2 ORGANISM_SCIENTIFIC: HOMO SAPIENS;                                   \n'],"['COMPND   2 MOLECULE: SERINE/THREONINE-PROTEIN KINASE PLK1;                      \n', 'COMPND  10 MOLECULE: SYNTHETIC PEPTIDE;                                         \n']","JRNL        REF    TO BE PUBLISHED                                              
",,"JRNL        TITL   INTEGRATION OF CHARGE-DIPOLE INTERACTION AND INTRAMOLECULAR  
JRNL        TITL 2 HYDROGEN BOND IN LIGAND DESIGN FOR THE POLO-BOX DOMAIN OF    
JRNL        TITL 3 POLO-LIKE KINASE 1                                           
","TITLE     STRUCTURE OF PLK1 IN COMPLEX WITH PEPTIDE                             
"
4O6W,4O6W,1.45,A,371-603,371,603,['SOURCE   2 ORGANISM_SCIENTIFIC: HOMO SAPIENS;                                   \n'],"['COMPND   2 MOLECULE: SERINE/THREONINE-PROTEIN KINASE PLK1;                      \n', 'COMPND  10 MOLECULE: PEPTIDE-BASED INHIBITOR;                                   \n']","JRNL        REF    BIOPOLYMERS                   V. 102   444 2014              
",10.1002/BIP.22569,"JRNL        TITL   MONO-ANIONIC PHOSPHOPEPTIDES PRODUCED BY UNEXPECTED          
JRNL        TITL 2 HISTIDINE ALKYLATION EXHIBIT HIGH PLK1 POLO-BOX              
JRNL        TITL 3 DOMAIN-BINDING AFFINITIES AND ENHANCED ANTIPROLIFERATIVE     
JRNL        TITL 4 EFFECTS IN HELA CELLS.                                       
","TITLE     PEPTIDE-BASED INHIBITORS OF PLK1 POLO-BOX DOMAIN                      
"
4O9W,4O9W,1.69,A,373-594,373,594,"['SOURCE   2 ORGANISM_SCIENTIFIC: HOMO SAPIENS;                                   \n', 'SOURCE  10 ORGANISM_SCIENTIFIC: HOMO SAPIENS;                                   \n']","['COMPND   2 MOLECULE: SERINE/THREONINE-PROTEIN KINASE PLK1;                      \n', 'COMPND  10 MOLECULE: PHOSPHO PEPTIDE VAL-LEU-SER-TPO-LEU-NH2;                   \n']","JRNL        REF    NAT COMMUN                                 2014              
",10.1038/NCOMMS5588,"JRNL        TITL   THE CONDENSIN COMPONENT NCAPG2 REGULATES                     
JRNL        TITL 2 MICROTUBULE-KINETOCHORE ATTACHMENT THROUGH RECRUITMENT OF    
JRNL        TITL 3 POLO-LIKE KINASE 1 TO KINETOCHORES                           
","TITLE     CRYSTAL STRUCTURE OF POLO-LIKE KINASE(PLK1)PBD IN COMPLEX WITH PHOSPHO
TITLE    2 PEPTIDE                                                              
"
4RCP,4RCP,1.60,A,372-599,372,599,['SOURCE   2 ORGANISM_SCIENTIFIC: HOMO SAPIENS;                                   \n'],"['COMPND   2 MOLECULE: SERINE/THREONINE-PROTEIN KINASE PLK1;                      \n', 'COMPND  10 MOLECULE: PL-2;                                                      \n']","JRNL        REF    J.MED.CHEM.                   V.  58   294 2015              
",10.1021/JM501147G,"JRNL        TITL   A NEW CLASS OF PEPTIDOMIMETICS TARGETING THE POLO-BOX DOMAIN 
JRNL        TITL 2 OF POLO-LIKE KINASE 1.                                       
","TITLE     CRYSTAL STRUCTURE OF PLK1 POLO-BOX DOMAIN IN COMPLEX WITH PL-2        
"
4WHH,4WHH,1.90,A,371-603,371,603,"['SOURCE   2 ORGANISM_SCIENTIFIC: HOMO SAPIENS;                                   \n', 'SOURCE  12 ORGANISM_SCIENTIFIC: SYNTHETIC CONSTRUCT;                            \n']","['COMPND   2 MOLECULE: SERINE/THREONINE-PROTEIN KINASE PLK1;                      \n', 'COMPND  10 MOLECULE: C6H5(CH2)8-DERIVATIZED PEPTIDE INHIBITOR;                  \n']","JRNL        REF    J.MED.CHEM.                   V.  58   294 2015              
",10.1021/JM501147G,"JRNL        TITL   A NEW CLASS OF PEPTIDOMIMETICS TARGETING THE POLO-BOX DOMAIN 
JRNL        TITL 2 OF POLO-LIKE KINASE 1.                                       
","TITLE     A NEW CLASS OF PEPTIDOMIMETICS TARGETING THE POLO-BOX DOMAIN OF POLO- 
TITLE    2 LIKE KINASE 1                                                        
"
4WHK,4WHK,1.80,A,371-603,371,603,"['SOURCE   2 ORGANISM_SCIENTIFIC: HOMO SAPIENS;                                   \n', 'SOURCE  12 ORGANISM_SCIENTIFIC: SYNTHETIC CONSTRUCT;                            \n']","['COMPND   2 MOLECULE: SERINE/THREONINE-PROTEIN KINASE PLK1;                      \n', 'COMPND  10 MOLECULE: C6H5(CH2)8-DERIVATIZED PEPTIDE INHIBITOR;                  \n']","JRNL        REF    J.MED.CHEM.                   V.  58   294 2015              
",10.1021/JM501147G,"JRNL        TITL   A NEW CLASS OF PEPTIDOMIMETICS TARGETING THE POLO-BOX DOMAIN 
JRNL        TITL 2 OF POLO-LIKE KINASE 1.                                       
","TITLE     A NEW CLASS OF PEPTIDOMIMETICS TARGETING THE POLO-BOX DOMAIN OF POLO- 
TITLE    2 LIKE KINASE 1                                                        
"
4WHL,4WHL,2.71,A,371-603,371,603,"['SOURCE   2 ORGANISM_SCIENTIFIC: HOMO SAPIENS;                                   \n', 'SOURCE  13 ORGANISM_SCIENTIFIC: SYNTHETIC CONSTRUCT;                            \n']","['COMPND   2 MOLECULE: SERINE/THREONINE-PROTEIN KINASE PLK1;                      \n', 'COMPND  10 MOLECULE: C6H5(CH2)8-DERIVATIZED PEPTIDE INHIBITOR;                  \n']","JRNL        REF    J.MED.CHEM.                   V.  58   294 2015              
",10.1021/JM501147G,"JRNL        TITL   A NEW CLASS OF PEPTIDOMIMETICS TARGETING THE POLO-BOX DOMAIN 
JRNL        TITL 2 OF POLO-LIKE KINASE 1.                                       
","TITLE     A NEW CLASS OF PEPTIDOMIMETICS TARGETING THE POLO-BOX DOMAIN OF POLO- 
TITLE    2 LIKE KINASE 1                                                        
"
4X9R,4X9R,1.40,A,371-603,371,603,"['SOURCE   2 ORGANISM_SCIENTIFIC: HOMO SAPIENS;                                   \n', 'SOURCE  10 ORGANISM_SCIENTIFIC: SYNTHETIC CONSTRUCT;                            \n']","['COMPND   2 MOLECULE: SERINE/THREONINE-PROTEIN KINASE PLK1;                      \n', 'COMPND  10 MOLECULE: PHOSPHOPEPTIDE MACROCYCLE 3B;                              \n']","JRNL        REF    BIOPOLYMERS                   V. 104   663 2015              
",10.1002/BIP.22698,"JRNL        TITL   NEIGHBOR-DIRECTED HISTIDINE N ( TAU )-ALKYLATION: A ROUTE TO 
JRNL        TITL 2 IMIDAZOLIUM-CONTAINING PHOSPHOPEPTIDE MACROCYCLES.           
","TITLE     PLK-1 POLO-BOX DOMAIN IN COMPLEX WITH BIOACTIVE IMIDAZOLIUM-CONTAINING
TITLE    2 PHOSPHOPEPTIDE MACROCYCLE 3B                                         
"
4X9V,4X9V,1.43,A,371-603,371,603,"['SOURCE   2 ORGANISM_SCIENTIFIC: HOMO SAPIENS;                                   \n', 'SOURCE  10 ORGANISM_SCIENTIFIC: SYNTHETIC CONSTRUCT;                            \n']","['COMPND   2 MOLECULE: SERINE/THREONINE-PROTEIN KINASE PLK1;                      \n', 'COMPND  10 MOLECULE: PHOSPHOPEPTIDE MACROCYCLE 3C;                              \n']","JRNL        REF    BIOPOLYMERS                   V. 104   663 2015              
",10.1002/BIP.22698,"JRNL        TITL   NEIGHBOR-DIRECTED HISTIDINE N ( TAU )-ALKYLATION: A ROUTE TO 
JRNL        TITL 2 IMIDAZOLIUM-CONTAINING PHOSPHOPEPTIDE MACROCYCLES.           
","TITLE     PLK-1 POLO-BOX DOMAIN IN COMPLEX WITH BIOACTIVE IMIDAZOLIUM-CONTAINING
TITLE    2 PHOSPHOPEPTIDE MACROCYCLE 3C                                         
"
4X9W,4X9W,1.80,A,371-603,371,603,"['SOURCE   2 ORGANISM_SCIENTIFIC: HOMO SAPIENS;                                   \n', 'SOURCE  10 ORGANISM_SCIENTIFIC: SYNTHETIC CONSTRUCT;                            \n']","['COMPND   2 MOLECULE: SERINE/THREONINE-PROTEIN KINASE PLK1;                      \n', 'COMPND  10 MOLECULE: MACROCYCLIC PHOSPHOPEPTIDE 4C;                             \n']","JRNL        REF    BIOPOLYMERS                   V. 104   663 2015              
",10.1002/BIP.22698,"JRNL        TITL   NEIGHBOR-DIRECTED HISTIDINE N ( TAU )-ALKYLATION: A ROUTE TO 
JRNL        TITL 2 IMIDAZOLIUM-CONTAINING PHOSPHOPEPTIDE MACROCYCLES.           
","TITLE     PLK-1 POLO-BOX DOMAIN IN COMPLEX WITH BIOACTIVE IMIDAZOLIUM-CONTAINING
TITLE    2 PHOSPHOPEPTIDE MACROCYCLE 4C                                         
"
5J19,5J19,2.00,A/B,367-594,367,594,"['SOURCE   2 ORGANISM_SCIENTIFIC: HOMO SAPIENS;                                   \n', 'SOURCE  11 ORGANISM_SCIENTIFIC: DROSOPHILA MELANOGASTER;                        \n']","['COMPND   2 MOLECULE: SERINE/THREONINE-PROTEIN KINASE PLK1;                      \n', 'COMPND  10 MOLECULE: PHOSPHORYLATED PEPTIDE FROM PARTNER OF NUMB;               \n']","JRNL        REF    STRUCTURE                     V.  24  1110 2016              
",10.1016/J.STR.2016.04.012,"JRNL        TITL   PHOSPHO-PON BINDING-MEDIATED FINE-TUNING OF PLK1 ACTIVITY    
","TITLE     PHOSPHO-PON BINDING-INDUCED PLK1 DIMERIZATION                         
"
5NEI,5NEI,2.68,A,371-603,371,603,['SOURCE   2 ORGANISM_SCIENTIFIC: HOMO SAPIENS;                                   \n'],['COMPND   2 MOLECULE: SERINE/THREONINE-PROTEIN KINASE PLK1;                      \n'],"JRNL        REF    TO BE PUBLISHED                                              
",,"JRNL        TITL   A FRAGMENT-BASED APPROACH TO DEVELOPING INHIBITORS OF THE    
JRNL        TITL 2 CRYPTIC POCKET OF THE POLO-LIKE KINASE 1 POLO-BOX DOMAIN.    
","TITLE     THE STRUCTURE OF THE POLO-BOX DOMAIN (PBD) OF POLO-LIKE KINASE 1      
TITLE    2 (PLK1) IN COMPLEX WITH JES107                                        
"
5NFU,5NFU,1.81,A,371-602,371,602,"['SOURCE   2 ORGANISM_SCIENTIFIC: HOMO SAPIENS;                                   \n', 'SOURCE  10 ORGANISM_SCIENTIFIC: HOMO SAPIENS;                                   \n']","['COMPND   2 MOLECULE: SERINE/THREONINE-PROTEIN KINASE PLK1;                      \n', 'COMPND  10 MOLECULE: AC-LEU-HIS-SER-(TPO)-ALA;                                  \n']","JRNL        REF    TO BE PUBLISHED                                              
",,"JRNL        TITL   DEVELOPING PEPTIDIC INHIBITORS OF THE CRYPTIC POCKET OF THE  
JRNL        TITL 2 POLO-LIKE KINASE 1 POLO-BOX DOMAIN.                          
","TITLE     THE STRUCTURE OF THE POLO-BOX DOMAIN (PBD) OF POLO-LIKE KINASE 1      
TITLE    2 (PLK1) IN COMPLEX WITH LHSPTA PEPTIDE.                               
"
5NJE,5NJE,1.98,A,371-603,371,603,['SOURCE   2 ORGANISM_SCIENTIFIC: HOMO SAPIENS;                                   \n'],['COMPND   2 MOLECULE: SERINE/THREONINE-PROTEIN KINASE PLK1;                      \n'],"JRNL        REF    TO BE PUBLISHED                                              
",,"JRNL        TITL   A FRAGMENT-BASED APPROACH TO DEVELOPING INHIBITORS OF THE    
JRNL        TITL 2 CRYPTIC POCKET OF THE POLO-LIKE KINASE 1 POLO-BOX DOMAIN.    
","TITLE     THE STRUCTURE OF THE POLO-BOX DOMAIN (PBD) OF POLO-LIKE KINASE 1      
TITLE    2 (PLK1) IN COMPLEX WITH ALPHA-BROMO-3-IODOTOLUENE.                    
"
5NMM,5NMM,2.02,A,371-603,371,603,['SOURCE   2 ORGANISM_SCIENTIFIC: HOMO SAPIENS;                                   \n'],['COMPND   2 MOLECULE: SERINE/THREONINE-PROTEIN KINASE PLK1;                      \n'],"JRNL        REF    TO BE PUBLISHED                                              
",,"JRNL        TITL   A FRAGMENT-BASED APPROACH TO DEVELOPING INHIBITORS OF THE    
JRNL        TITL 2 CRYPTIC POCKET OF THE POLO-LIKE KINASE 1 POLO-BOX DOMAIN.    
","TITLE     THE STRUCTURE OF THE POLO-BOX DOMAIN (PBD) OF PLK1 IN COMPLEX WITH    
TITLE    2 ALPHA-BROMO-3-IODOTOLUENE.                                           
"
5NN1,5NN1,1.78,A,371-603,371,603,['SOURCE   2 ORGANISM_SCIENTIFIC: HOMO SAPIENS;                                   \n'],['COMPND   2 MOLECULE: SERINE/THREONINE-PROTEIN KINASE PLK1;                      \n'],"JRNL        REF    TO BE PUBLISHED                                              
",,"JRNL        TITL   DEVELOPING PEPTIDIC INHIBITORS OF THE CRYPTIC POCKET OF THE  
JRNL        TITL 2 POLO-LIKE KINASE 1 POLO-BOX DOMAIN.                          
","TITLE     THE STRUCTURE OF THE POLO-BOX DOMAIN (PBD) OF POLO-LIKE KINASE 1      
TITLE    2 (PLK1)                                                               
"
5NN2,5NN2,1.81,A,371-594,371,594,['SOURCE   2 ORGANISM_SCIENTIFIC: HOMO SAPIENS;                                   \n'],['COMPND   2 MOLECULE: SERINE/THREONINE-PROTEIN KINASE PLK1;                      \n'],"JRNL        REF    TO BE PUBLISHED                                              
",,"JRNL        TITL   A FRAGMENT-BASED APPROACH TO DEVELOPING INHIBITORS OF THE    
JRNL        TITL 2 CRYPTIC POCKET OF THE POLO-LIKE KINASE 1 POLO-BOX DOMAIN.    
","TITLE     THE STRUCTURE OF THE POLO-BOX DOMAIN (PBD) OF PLK1 IN COMPLEX WITH    
TITLE    2 Z228588490                                                           
"
5TA6,5TA6,2.50,A,13-345,13,345,['SOURCE   2 ORGANISM_SCIENTIFIC: HOMO SAPIENS;                                   \n'],['COMPND   2 MOLECULE: SERINE/THREONINE-PROTEIN KINASE PLK1;                      \n'],"JRNL        REF    BIOORG. MED. CHEM. LETT.      V.  27  1311 2017              
",10.1016/J.BMCL.2016.10.009,"JRNL        TITL   STRUCTURE-BASED DESIGN AND SAR DEVELOPMENT OF                
JRNL        TITL 2 5,6-DIHYDROIMIDAZOLO[1,5-F]PTERIDINE DERIVATIVES AS NOVEL    
JRNL        TITL 3 POLO-LIKE KINASE-1 INHIBITORS.                               
","TITLE     CRYSTAL STRUCTURE OF PLK1 IN COMPLEX WITH A NOVEL 5,6-                
TITLE    2 DIHYDROIMIDAZOLO[1,5-F]PTERIDINE INHIBITOR.                          
"
5TA8,5TA8,2.60,A,13-345,13,345,['SOURCE   2 ORGANISM_SCIENTIFIC: HOMO SAPIENS;                                   \n'],['COMPND   2 MOLECULE: SERINE/THREONINE-PROTEIN KINASE PLK1;                      \n'],"JRNL        REF    BIOORG. MED. CHEM. LETT.      V.  27  1311 2017              
",10.1016/J.BMCL.2016.10.009,"JRNL        TITL   STRUCTURE-BASED DESIGN AND SAR DEVELOPMENT OF                
JRNL        TITL 2 5,6-DIHYDROIMIDAZOLO[1,5-F]PTERIDINE DERIVATIVES AS NOVEL    
JRNL        TITL 3 POLO-LIKE KINASE-1 INHIBITORS.                               
","TITLE     CRYSTAL STRUCTURE OF PLK1 IN COMPLEX WITH A NOVEL 5,6-                
TITLE    2 DIHYDROIMIDAZOLO[1,5-F]PTERIDINE INHIBITOR                           
"
6AX4,6AX4,1.45,A,371-603,371,603,"['SOURCE   2 ORGANISM_SCIENTIFIC: HOMO SAPIENS;                                   \n', 'SOURCE  10 ORGANISM_SCIENTIFIC: SYNTHETIC CONSTRUCT;                            \n']","['COMPND   2 MOLECULE: SERINE/THREONINE-PROTEIN KINASE PLK1;                      \n', 'COMPND  10 MOLECULE: HISTIDINE N(TAU)-CYCLIZED MACROCYCLE 5B;                   \n']","JRNL        REF    BIOORG. MED. CHEM. LETT.      V.  28  3202 2018              
",10.1016/J.BMCL.2018.08.018,"JRNL        TITL   HISTIDINE N( TAU )-CYCLIZED MACROCYCLES AS A NEW GENRE OF    
JRNL        TITL 2 POLO-LIKE KINASE 1 POLO-BOX DOMAIN-BINDING INHIBITORS.       
","TITLE     PLK-1 POLO-BOX DOMAIN IN COMPLEX WITH HISTIDINE N(TAU)-CYCLIZED       
TITLE    2 MACROCYCLE 5B.                                                       
"
